ID;Sueldo;Casado;Carro;Hijos;Casa;Incapacidades;Antiguedad;Sexo;Fuga
1;10000;Sí;No;0;Alquiler;7;15;H;No
2;20000;No;Sí;1;Alquiler;3;3;M;Sí
3;15000;Sí;Sí;2;Prop;5;10;H;Sí
4;30000;Sí;Sí;1;Alquiler;15;7;M;No
5;10000;Sí;Sí;0;Prop;1;6;H;Sí
6;40000;No;Sí;0;Alquiler;3;16;M;Sí
7;25000;No;;0;Alquiler;0;8;H;Sí
8;20000;No;Sí;0;Prop;2;6;M;Sí
9;20000;Sí;Sí;3;Prop;7;5;H;No
10;30000;Sí;Sí;2;Prop;1;20;H;No
11;50000;No;No;0;Alquiler;2;12;M;No
12;8000;Sí;Sí;2;Prop;3;1;H;No
13;20000;No;No;0;Alquiler;27;5;M;No
14;10000;No;Sí;0;Alquiler;0;7;H;Sí
15;8000;No;Sí;0;Alquiler;3;2;H;No
16;10000;Sí;No;0;Alquiler;7;15;H;No
17;20000;No;Sí;1;Alquiler;400;3;M;Sí
18;15000;Sí;Sí;2;Prop;5;10;H;Sí
19;30000;Sí;Sí;1;Alquiler;15;7;M;No
20;10000;Sí;Sí;0;Prop;1;6;H;Sí
21;40000;No;Sí;0;Alquiler;3;16;M;Sí
22;25000;No;No;0;Alquiler;0;8;H;Sí
23;20000;No;Sí;0;Prop;2;6;M;Sí
24;20000;Sí;Sí;3;Prop;7;5;H;No
25;30000;Sí;Sí;2;Prop;1;;H;No
26;50000;No;No;0;Alquiler;2;;M;No
27;8000;Sí;Sí;2;Prop;3;1;H;No
28;20000;No;No;0;Alquiler;27;5;M;No
29;10000;No;Sí;0;Alquiler;0;7;H;Sí
30;8000;No;Sí;0;Alquiler;3;2;H;No
31;10000;Sí;No;0;Alquiler;7;15;H;No
32;20000;No;Sí;1;Alquiler;3;3;M;Sí
33;15000;Sí;Sí;2;Prop;5;10;H;Sí
34;30000;Sí;Sí;1;Alquiler;15;7;M;No
35;10000;Sí;Sí;0;Prop;1;6;H;Sí
36;40000;No;Sí;0;Alquiler;3;16;M;Sí
37;25000;No;No;0;Alquiler;0;8;H;Sí
38;20000;No;Sí;0;Prop;2;6;M;Sí
39;20000;Sí;Sí;3;Prop;7;5;H;No
40;30000;Sí;Sí;2;Prop;1;20;H;No
41;50000;No;No;0;Alquiler;2;12;M;No
42;8000;Sí;Sí;2;Prop;3;1;H;No
43;20000;No;No;0;Alquiler;27;5;M;No
44;10000;No;Sí;0;Alquiler;0;7;H;Sí
45;8000;No;Sí;0;Alquiler;3;2;H;No
46;10000;Sí;No;0;Alquiler;7;15;H;No
47;20000;No;Sí;1;Alquiler;3;3;M;Sí
48;15000;Sí;Sí;2;Prop;5;10;H;Sí
48;30000;Sí;Sí;1;Alquiler;15;7;M;No
50;10000;Sí;Sí;0;Prop;1;6;H;Sí
51;40000;No;Sí;0;Alquiler;3;16;M;Sí
52;25000;No;No;0;Alquiler;0;8;H;Sí
53;20000;No;Sí;0;Prop;2;6;M;Sí
54;20000;Sí;Sí;3;Prop;7;5;H;No
55;30000;Sí;Sí;2;Prop;1;20;H;No
56;50000;No;No;0;Alquiler;2;12;M;No
57;8000;Sí;Sí;2;Prop;3;1;H;No
58;20000;No;No;0;Alquiler;27;5;M;No
59;10000;No;Sí;0;Alquiler;0;7;H;Sí
60;8000;No;Sí;0;Alquiler;3;2;H;No
61;10000;Sí;No;0;Alquiler;7;15;H;No
62;20000;No;Sí;1;Alquiler;3;3;M;Sí
63;15000;Sí;Sí;2;Prop;5;10;H;Sí
64;30000;Sí;Sí;1;Alquiler;15;7;M;No
65;10000;Sí;Sí;0;Prop;1;6;H;Sí
66;40000;No;Sí;0;Alquiler;3;16;M;Sí
67;25000;No;No;0;Alquiler;0;8;H;Sí
68;20000;No;Sí;0;Prop;2;6;M;Sí
69;20000;Sí;Sí;3;Prop;7;5;H;No
70;30000;Sí;Sí;2;Prop;1;20;H;No
71;50000;No;No;0;Alquiler;2;12;M;No
72;8000;Sí;Sí;2;Prop;3;1;H;No
73;20000;No;No;0;Alquiler;27;5;M;No
74;10000;No;Sí;0;Alquiler;0;7;H;Sí
75;8000;No;Sí;0;Alquiler;3;2;H;No
76;10000;Sí;No;0;Alquiler;7;15;H;No
77;20000;No;Sí;1;Alquiler;3;3;M;Sí
78;15000;Sí;Sí;2;Prop;5;10;H;Sí
79;30000;Sí;Sí;1;Alquiler;15;7;M;No
80;10000;Sí;Sí;0;Prop;1;6;H;Sí
81;40000;No;Sí;0;Alquiler;3;16;M;Sí
82;25000;No;No;0;Alquiler;0;8;H;Sí
83;20000;No;Sí;0;Prop;2;6;M;Sí
84;20000;Sí;Sí;3;Prop;7;5;H;No
85;30000;Sí;Sí;2;Prop;1;20;H;No
86;50000;No;No;0;Alquiler;2;12;M;No
87;8000;Sí;Sí;2;Prop;3;1;H;No
88;20000;No;No;0;Alquiler;27;5;M;No
89;10000;No;Sí;0;Alquiler;0;7;H;Sí
90;8000;No;Sí;0;Alquiler;3;2;H;No
91;10000;Sí;No;0;Alquiler;7;15;H;No
92;20000;No;Sí;1;Alquiler;3;3;M;Sí
93;15000;Sí;Sí;2;Prop;5;10;H;Sí
94;30000;Sí;Sí;1;Alquiler;15;7;M;No
95;10000;Sí;Sí;0;Prop;1;6;H;Sí
96;40000;No;Sí;0;Alquiler;3;16;M;Sí
97;25000;No;No;0;Alquiler;0;8;H;Sí
98;20000;No;Sí;0;Prop;2;6;M;Sí
99;20000;Sí;Sí;3;Prop;7;5;H;No
100;30000;Sí;Sí;2;Prop;1;20;H;No
101;50000;No;No;0;Alquiler;2;12;M;No
102;8000;Sí;Sí;2;Prop;3;1;H;No
103;20000;No;No;0;Alquiler;27;5;M;No
104;10000;No;Sí;0;Alquiler;0;7;H;Sí
105;8000;No;Sí;0;Alquiler;3;2;H;No
106;10000;Sí;No;0;Alquiler;7;15;H;No
107;20000;No;Sí;1;Alquiler;3;3;M;Sí
108;15000;Sí;Sí;2;Prop;5;10;H;Sí
109;30000;Sí;Sí;1;Alquiler;15;7;M;No
110;10000;Sí;Sí;0;Prop;1;6;H;Sí
111;40000;No;Sí;0;Alquiler;3;16;M;Sí
112;25000;No;No;0;Alquiler;0;8;H;Sí
113;20000;No;Sí;0;Prop;2;6;M;Sí
114;20000;Sí;Sí;3;Prop;7;5;H;No
115;30000;Sí;Sí;2;Prop;1;20;H;No
116;50000;No;No;0;Alquiler;2;12;M;No
117;8000;Sí;Sí;2;Prop;3;1;H;No
118;20000;No;No;0;Alquiler;27;5;M;No
119;10000;No;Sí;0;Alquiler;0;7;H;Sí
120;8000;No;Sí;0;Alquiler;3;2;H;No
121;10000;Sí;No;0;Alquiler;7;15;H;No
122;20000;No;Sí;1;Alquiler;3;3;M;Sí
123;15000;Sí;Sí;2;Prop;5;10;H;Sí
124;30000;Sí;Sí;1;Alquiler;15;7;M;No
125;10000;Sí;Sí;0;Prop;1;6;H;Sí
126;40000;No;Sí;0;Alquiler;3;16;M;Sí
127;25000;No;No;0;Alquiler;0;8;H;Sí
128;20000;No;Sí;0;Prop;2;6;M;Sí
129;20000;Sí;Sí;3;Prop;7;5;H;No
130;30000;Sí;Sí;2;Prop;1;20;H;No
131;50000;No;No;0;Alquiler;2;12;M;No
132;8000;Sí;Sí;2;Prop;3;1;H;No
133;20000;No;No;0;Alquiler;27;5;M;No
134;10000;No;Sí;0;Alquiler;0;7;H;Sí
135;8000;No;Sí;0;Alquiler;3;2;H;No
136;10000;Sí;No;0;Alquiler;7;15;H;No
137;20000;No;Sí;1;Alquiler;3;3;M;Sí
138;15000;Sí;Sí;2;Prop;5;10;H;Sí
139;30000;Sí;Sí;1;Alquiler;15;7;M;No
140;10000;Sí;Sí;0;Prop;1;6;H;Sí
141;40000;No;Sí;0;Alquiler;3;16;M;Sí
142;25000;No;No;0;Alquiler;0;8;H;Sí
143;20000;No;Sí;0;Prop;2;6;M;Sí
144;20000;Sí;Sí;3;Prop;7;5;H;No
145;30000;Sí;Sí;2;Prop;1;20;H;No
146;50000;No;No;0;Alquiler;2;12;M;No
147;8000;Sí;Sí;2;Prop;3;1;H;No
148;20000;No;No;0;Alquiler;27;5;M;No
149;10000;No;Sí;0;Alquiler;0;7;H;Sí
150;8000;No;Sí;0;Alquiler;3;2;H;No
151;10000;Sí;No;0;Alquiler;7;15;H;No
152;20000;No;Sí;1;Alquiler;3;3;M;Sí
153;15000;Sí;Sí;2;Prop;5;10;H;Sí
154;30000;Sí;Sí;1;Alquiler;15;7;M;No
155;10000;Sí;Sí;0;Prop;1;6;H;Sí
156;40000;No;Sí;0;Alquiler;3;16;M;Sí
157;25000;No;No;0;Alquiler;0;8;H;Sí
158;20000;No;Sí;0;Prop;2;6;M;Sí
159;20000;Sí;Sí;3;Prop;7;5;H;No
160;30000;Sí;Sí;2;Prop;1;20;H;No
161;50000;No;No;0;Alquiler;2;12;M;No
162;8000;Sí;Sí;2;Prop;3;1;H;No
163;20000;No;No;0;Alquiler;27;5;M;No
164;10000;No;Sí;0;Alquiler;0;7;H;Sí
165;8000;No;Sí;0;Alquiler;3;2;H;No
166;10000;Sí;No;0;Alquiler;7;15;H;No
167;20000;No;Sí;1;Alquiler;3;3;M;Sí
168;15000;Sí;Sí;2;Prop;5;10;H;Sí
169;30000;Sí;Sí;1;Alquiler;15;7;M;No
170;10000;Sí;Sí;0;Prop;1;6;H;Sí
171;40000;No;Sí;0;Alquiler;3;16;M;Sí
172;25000;No;No;0;Alquiler;0;8;H;Sí
173;20000;No;Sí;0;Prop;2;6;M;Sí
174;20000;Sí;Sí;3;Prop;7;5;H;No
175;30000;Sí;Sí;2;Prop;1;20;H;No
176;50000;No;No;0;Alquiler;2;12;M;No
177;8000;Sí;Sí;2;Prop;3;1;H;No
178;20000;No;No;0;Alquiler;27;5;M;No
179;10000;No;Sí;0;Alquiler;0;7;H;Sí
180;8000;No;Sí;0;Alquiler;3;2;H;No
181;10000;Sí;No;0;Alquiler;7;15;H;No
182;20000;No;Sí;1;Alquiler;3;3;M;Sí
183;15000;Sí;Sí;2;Prop;5;10;H;Sí
184;30000;Sí;Sí;1;Alquiler;15;7;M;No
185;10000;Sí;Sí;0;Prop;1;6;H;Sí
186;40000;No;Sí;0;Alquiler;3;16;M;Sí
187;25000;No;No;0;Alquiler;0;8;H;Sí
188;20000;No;Sí;0;Prop;2;6;M;Sí
189;20000;Sí;Sí;3;Prop;7;5;H;No
190;30000;Sí;Sí;2;Prop;1;20;H;No
191;50000;No;No;0;Alquiler;2;12;M;No
192;8000;Sí;Sí;2;Prop;3;1;H;No
193;20000;No;No;0;Alquiler;27;5;M;No
194;10000;No;Sí;0;Alquiler;0;7;H;Sí
195;8000;No;Sí;0;Alquiler;3;2;H;No
196;10000;Sí;No;0;Alquiler;7;15;H;No
197;20000;No;Sí;1;Alquiler;3;3;M;Sí
198;15000;Sí;Sí;2;Prop;5;10;H;Sí
199;30000;Sí;Sí;1;Alquiler;15;7;M;No
200;10000;Sí;Sí;0;Prop;1;6;H;Sí
201;40000;No;Sí;0;Alquiler;3;16;M;Sí
202;25000;No;No;0;Alquiler;0;8;H;Sí
203;20000;No;Sí;0;Prop;2;6;M;Sí
204;20000;Sí;Sí;3;Prop;7;5;H;No
205;30000;Sí;Sí;2;Prop;1;20;H;No
206;50000;No;No;0;Alquiler;2;12;M;No
207;8000;Sí;Sí;2;Prop;3;1;H;No
208;20000;No;No;0;Alquiler;27;5;M;No
209;10000;No;Sí;0;Alquiler;0;7;H;Sí
210;8000;No;Sí;0;Alquiler;3;2;H;No
211;10000;Sí;No;0;Alquiler;7;15;H;No
212;20000;No;Sí;1;Alquiler;3;3;M;Sí
213;15000;Sí;Sí;2;Prop;5;10;H;Sí
214;30000;Sí;Sí;1;Alquiler;15;7;M;No
215;10000;Sí;Sí;0;Prop;1;6;H;Sí
216;40000;No;Sí;0;Alquiler;3;16;M;Sí
217;25000;No;No;0;Alquiler;0;8;H;Sí
218;20000;No;Sí;0;Prop;2;6;M;Sí
219;20000;Sí;Sí;3;Prop;7;5;H;No
220;30000;Sí;Sí;2;Prop;1;20;H;No
221;50000;No;No;0;Alquiler;2;12;M;No
222;8000;Sí;Sí;2;Prop;3;1;H;No
223;20000;No;No;0;Alquiler;27;5;M;No
224;10000;No;Sí;0;Alquiler;0;7;H;Sí
225;8000;No;Sí;0;Alquiler;3;2;H;No
226;10000;Sí;No;0;Alquiler;7;15;H;No
227;20000;No;Sí;1;Alquiler;3;3;M;Sí
228;15000;Sí;Sí;2;Prop;5;10;H;Sí
229;30000;Sí;Sí;1;Alquiler;15;7;M;No
230;10000;Sí;Sí;0;Prop;1;6;H;Sí
231;40000;No;Sí;0;Alquiler;3;16;M;Sí
232;25000;No;No;0;Alquiler;0;8;H;Sí
233;20000;No;Sí;0;Prop;2;6;M;Sí
234;20000;Sí;Sí;3;Prop;7;5;H;No
235;30000;Sí;Sí;2;Prop;1;20;H;No
236;50000;No;No;0;Alquiler;2;12;M;No
237;8000;Sí;Sí;2;Prop;3;1;H;No
238;20000;No;No;0;Alquiler;27;5;M;No
239;10000;No;Sí;0;Alquiler;0;7;H;Sí
240;8000;No;Sí;0;Alquiler;3;2;H;No
241;10000;Sí;No;0;Alquiler;7;15;H;No
242;20000;No;Sí;1;Alquiler;3;3;M;Sí
243;15000;Sí;Sí;2;Prop;5;10;H;Sí
244;30000;Sí;Sí;1;Alquiler;15;7;M;No
245;10000;Sí;Sí;0;Prop;1;6;H;Sí
246;40000;No;Sí;0;Alquiler;3;16;M;Sí
247;25000;No;No;0;Alquiler;0;8;H;Sí
248;20000;No;Sí;0;Prop;2;6;M;Sí
249;20000;Sí;Sí;3;Prop;7;5;H;No
250;30000;Sí;Sí;2;Prop;1;20;H;No
251;50000;No;No;0;Alquiler;2;12;M;No
252;8000;Sí;Sí;2;Prop;3;1;H;No
253;20000;No;No;0;Alquiler;27;5;M;No
254;10000;No;Sí;0;Alquiler;0;7;H;Sí
255;8000;No;Sí;0;Alquiler;3;2;H;No
256;10000;Sí;No;0;Alquiler;7;15;H;No
257;20000;No;Sí;1;Alquiler;3;3;M;Sí
258;15000;Sí;Sí;2;Prop;5;10;H;Sí
259;30000;Sí;Sí;1;Alquiler;15;7;M;No
260;10000;Sí;Sí;0;Prop;1;6;H;Sí
261;40000;No;Sí;0;Alquiler;3;16;M;Sí
262;25000;No;No;0;Alquiler;0;8;H;Sí
263;20000;No;Sí;0;Prop;2;6;M;Sí
264;20000;Sí;Sí;3;Prop;7;5;H;No
265;30000;Sí;Sí;2;Prop;1;20;H;No
266;50000;No;No;0;Alquiler;2;12;M;No
267;8000;Sí;Sí;2;Prop;3;1;H;No
268;20000;No;No;0;Alquiler;27;5;M;No
269;10000;No;Sí;0;Alquiler;0;7;H;Sí
270;8000;No;Sí;0;Alquiler;3;2;H;No
271;10000;Sí;No;0;Alquiler;7;15;H;No
272;20000;No;Sí;1;Alquiler;3;3;M;Sí
273;15000;Sí;Sí;2;Prop;5;10;H;Sí
274;30000;Sí;Sí;1;Alquiler;15;7;M;No
275;10000;Sí;Sí;0;Prop;1;6;H;Sí
276;40000;No;Sí;0;Alquiler;3;16;M;Sí
277;25000;No;No;0;Alquiler;0;8;H;Sí
278;20000;No;Sí;0;Prop;2;6;M;Sí
279;20000;Sí;Sí;3;Prop;7;5;H;No
280;30000;Sí;Sí;2;Prop;1;20;H;No
281;50000;No;No;0;Alquiler;2;12;M;No
282;8000;Sí;Sí;2;Prop;3;1;H;No
283;20000;No;No;0;Alquiler;27;5;M;No
284;10000;No;Sí;0;Alquiler;0;7;H;Sí
285;8000;No;Sí;0;Alquiler;3;2;H;No
286;10000;Sí;No;0;Alquiler;7;15;H;No
287;20000;No;Sí;1;Alquiler;3;3;M;Sí
288;15000;Sí;Sí;2;Prop;5;10;H;Sí
289;30000;Sí;Sí;1;Alquiler;15;7;M;No
290;10000;Sí;Sí;0;Prop;1;6;H;Sí
291;40000;No;Sí;0;Alquiler;3;16;M;Sí
292;25000;No;No;0;Alquiler;0;8;H;Sí
293;20000;No;Sí;0;Prop;2;6;M;Sí
294;20000;Sí;Sí;3;Prop;7;5;H;No
295;30000;Sí;Sí;2;Prop;1;20;H;No
296;50000;No;No;0;Alquiler;2;12;M;No
297;8000;Sí;Sí;2;Prop;3;1;H;No
298;20000;No;No;0;Alquiler;27;5;M;No
299;10000;No;Sí;0;Alquiler;0;7;H;Sí
300;8000;No;Sí;0;Alquiler;3;2;H;No
301;10000;Sí;No;0;Alquiler;7;15;H;No
302;20000;No;Sí;1;Alquiler;3;3;M;Sí
303;15000;Sí;Sí;2;Prop;5;10;H;Sí
304;30000;Sí;Sí;1;Alquiler;15;7;M;No
305;10000;Sí;Sí;0;Prop;1;6;H;Sí
306;40000;No;Sí;0;Alquiler;3;16;M;Sí
307;25000;No;No;0;Alquiler;0;8;H;Sí
308;20000;No;Sí;0;Prop;2;6;M;Sí
309;20000;Sí;Sí;3;Prop;7;5;H;No
310;30000;Sí;Sí;2;Prop;1;20;H;No
311;50000;No;No;0;Alquiler;2;12;M;No
312;8000;Sí;Sí;2;Prop;3;1;H;No
313;20000;No;No;0;Alquiler;27;5;M;No
314;10000;No;Sí;0;Alquiler;0;7;H;Sí
315;8000;No;Sí;0;Alquiler;3;2;H;No
316;10000;Sí;No;0;Alquiler;7;15;H;No
317;20000;No;Sí;1;Alquiler;3;3;M;Sí
318;15000;Sí;Sí;2;Prop;5;10;H;Sí
319;30000;Sí;Sí;1;Alquiler;15;7;M;No
320;10000;Sí;Sí;0;Prop;1;6;H;Sí
321;40000;No;Sí;0;Alquiler;3;16;M;Sí
322;25000;No;No;0;Alquiler;0;8;H;Sí
323;20000;No;Sí;0;Prop;2;6;M;Sí
324;20000;Sí;Sí;3;Prop;7;5;H;No
325;30000;Sí;Sí;2;Prop;1;20;H;No
326;50000;No;No;0;Alquiler;2;12;M;No
327;8000;Sí;Sí;2;Prop;3;1;H;No
328;20000;No;No;0;Alquiler;27;5;M;No
329;10000;No;Sí;0;Alquiler;0;7;H;Sí
330;8000;No;Sí;0;Alquiler;3;2;H;No
331;10000;Sí;No;0;Alquiler;7;15;H;No
332;20000;No;Sí;1;Alquiler;3;3;M;Sí
333;15000;Sí;Sí;2;Prop;5;10;H;Sí
334;30000;Sí;Sí;1;Alquiler;15;7;M;No
335;10000;Sí;Sí;0;Prop;1;6;H;Sí
336;40000;No;Sí;0;Alquiler;3;16;M;Sí
337;25000;No;No;0;Alquiler;0;8;H;Sí
338;20000;No;Sí;0;Prop;2;6;M;Sí
339;20000;Sí;Sí;3;Prop;7;5;H;No
340;30000;Sí;Sí;2;Prop;1;20;H;No
341;50000;No;No;0;Alquiler;2;12;M;No
342;8000;Sí;Sí;2;Prop;3;1;H;No
343;20000;No;No;0;Alquiler;27;5;M;No
344;10000;No;Sí;0;Alquiler;0;7;H;Sí
345;8000;No;Sí;0;Alquiler;3;2;H;No
346;10000;Sí;No;0;Alquiler;7;15;H;No
347;20000;No;Sí;1;Alquiler;3;3;M;Sí
348;15000;Sí;Sí;2;Prop;5;10;H;Sí
349;30000;Sí;Sí;1;Alquiler;15;7;M;No
350;10000;Sí;Sí;0;Prop;1;6;H;Sí
351;40000;No;Sí;0;Alquiler;3;16;M;Sí
352;25000;No;No;0;Alquiler;0;8;H;Sí
353;20000;No;Sí;0;Prop;2;6;M;Sí
354;20000;Sí;Sí;3;Prop;7;5;H;No
355;30000;Sí;Sí;2;Prop;1;20;H;No
356;50000;No;No;0;Alquiler;2;12;M;No
357;8000;Sí;Sí;2;Prop;3;1;H;No
358;20000;No;No;0;Alquiler;27;5;M;No
359;10000;No;Sí;0;Alquiler;0;7;H;Sí
360;8000;No;Sí;0;Alquiler;3;2;H;No
361;10000;Sí;No;0;Alquiler;7;15;H;No
362;20000;No;Sí;1;Alquiler;3;3;M;Sí
363;15000;Sí;Sí;2;Prop;5;10;H;Sí
364;30000;Sí;Sí;1;Alquiler;15;7;M;No
365;10000;Sí;Sí;0;Prop;1;6;H;Sí
366;40000;No;Sí;0;Alquiler;3;16;M;Sí
367;25000;No;No;0;Alquiler;0;8;H;Sí
368;20000;No;Sí;0;Prop;2;6;M;Sí
369;20000;Sí;Sí;3;Prop;7;5;H;No
370;30000;Sí;Sí;2;Prop;1;20;H;No
371;50000;No;No;0;Alquiler;2;12;M;No
372;8000;Sí;Sí;2;Prop;3;1;H;No
373;20000;No;No;0;Alquiler;27;5;M;No
374;10000;No;Sí;0;Alquiler;0;7;H;Sí
375;8000;No;Sí;0;Alquiler;3;2;H;No
376;10000;Sí;No;0;Alquiler;7;15;H;No
377;20000;No;Sí;1;Alquiler;3;3;M;Sí
378;15000;Sí;Sí;2;Prop;5;10;H;Sí
379;30000;Sí;Sí;1;Alquiler;15;7;M;No
380;10000;Sí;Sí;0;Prop;1;6;H;Sí
381;40000;No;Sí;0;Alquiler;3;16;M;Sí
382;25000;No;No;0;Alquiler;0;8;H;Sí
383;20000;No;Sí;0;Prop;2;6;M;Sí
384;20000;Sí;Sí;3;Prop;7;5;H;No
385;30000;Sí;Sí;2;Prop;1;20;H;No
386;50000;No;No;0;Alquiler;2;12;M;No
387;8000;Sí;Sí;2;Prop;3;1;H;No
388;20000;No;No;0;Alquiler;27;5;M;No
389;10000;No;Sí;0;Alquiler;0;7;H;Sí
390;8000;No;Sí;0;Alquiler;3;2;H;No
391;10000;Sí;No;0;Alquiler;7;15;H;No
392;20000;No;Sí;1;Alquiler;3;3;M;Sí
393;15000;Sí;Sí;2;Prop;5;10;H;Sí
394;30000;Sí;Sí;1;Alquiler;15;7;M;No
395;10000;Sí;Sí;0;Prop;1;6;H;Sí
396;40000;No;Sí;0;Alquiler;3;16;M;Sí
397;25000;No;No;0;Alquiler;0;8;H;Sí
398;20000;No;Sí;0;Prop;2;6;M;Sí
399;20000;Sí;Sí;3;Prop;7;5;H;No
400;30000;Sí;Sí;2;Prop;1;20;H;No
401;50000;No;No;0;Alquiler;2;12;M;No
402;8000;Sí;Sí;2;Prop;3;1;H;No
403;20000;No;No;0;Alquiler;27;5;M;No
404;10000;No;Sí;0;Alquiler;0;7;H;Sí
405;8000;No;Sí;0;Alquiler;3;2;H;No
406;10000;Sí;No;0;Alquiler;7;15;H;No
407;20000;No;Sí;1;Alquiler;3;3;M;Sí
408;15000;Sí;Sí;2;Prop;5;10;H;Sí
409;30000;Sí;Sí;1;Alquiler;15;7;M;No
410;10000;Sí;Sí;0;Prop;1;6;H;Sí
411;40000;No;Sí;0;Alquiler;3;16;M;Sí
412;25000;No;No;0;Alquiler;0;8;H;Sí
413;20000;No;Sí;0;Prop;2;6;M;Sí
414;20000;Sí;Sí;3;Prop;7;5;H;No
415;30000;Sí;Sí;2;Prop;1;20;H;No
416;50000;No;No;0;Alquiler;2;12;M;No
417;8000;Sí;Sí;2;Prop;3;1;H;No
418;20000;No;No;0;Alquiler;27;5;M;No
419;10000;No;Sí;0;Alquiler;0;7;H;Sí
420;8000;No;Sí;0;Alquiler;3;2;H;No
421;10000;Sí;No;0;Alquiler;7;15;H;No
422;20000;No;Sí;1;Alquiler;3;3;M;Sí
423;15000;Sí;Sí;2;Prop;5;10;H;Sí
424;30000;Sí;Sí;1;Alquiler;15;7;M;No
425;10000;Sí;Sí;0;Prop;1;6;H;Sí
426;40000;No;Sí;0;Alquiler;3;16;M;Sí
427;25000;No;No;0;Alquiler;0;8;H;Sí
428;20000;No;Sí;0;Prop;2;6;M;Sí
429;20000;Sí;Sí;3;Prop;7;5;H;No
430;30000;Sí;Sí;2;Prop;1;20;H;No
431;50000;No;No;0;Alquiler;2;12;M;No
432;8000;Sí;Sí;2;Prop;3;1;H;No
433;20000;No;No;0;Alquiler;27;5;M;No
434;10000;No;Sí;0;Alquiler;0;7;H;Sí
435;8000;No;Sí;0;Alquiler;3;2;H;No
436;10000;Sí;No;0;Alquiler;7;15;H;No
437;20000;No;Sí;1;Alquiler;3;3;M;Sí
438;15000;Sí;Sí;2;Prop;5;10;H;Sí
439;30000;Sí;Sí;1;Alquiler;15;7;M;No
440;10000;Sí;Sí;0;Prop;1;6;H;Sí
441;40000;No;Sí;0;Alquiler;3;16;M;Sí
442;25000;No;No;0;Alquiler;0;8;H;Sí
443;20000;No;Sí;0;Prop;2;6;M;Sí
444;20000;Sí;Sí;3;Prop;7;5;H;No
445;30000;Sí;Sí;2;Prop;1;20;H;No
446;50000;No;No;0;Alquiler;2;12;M;No
447;8000;Sí;Sí;2;Prop;3;1;H;No
448;20000;No;No;0;Alquiler;27;5;M;No
449;10000;No;Sí;0;Alquiler;0;7;H;Sí
450;8000;No;Sí;0;Alquiler;3;2;H;No
451;10000;Sí;No;0;Alquiler;7;15;H;No
452;20000;No;Sí;1;Alquiler;3;3;M;Sí
453;15000;Sí;Sí;2;Prop;5;10;H;Sí
454;30000;Sí;Sí;1;Alquiler;15;7;M;No
455;10000;Sí;Sí;0;Prop;1;6;H;Sí
456;40000;No;Sí;0;Alquiler;3;16;M;Sí
457;25000;No;No;0;Alquiler;0;8;H;Sí
458;20000;No;Sí;0;Prop;2;6;M;Sí
459;20000;Sí;Sí;3;Prop;7;5;H;No
460;30000;Sí;Sí;2;Prop;1;20;H;No
461;50000;No;No;0;Alquiler;2;12;M;No
462;8000;Sí;Sí;2;Prop;3;1;H;No
463;20000;No;No;0;Alquiler;27;5;M;No
464;10000;No;Sí;0;Alquiler;0;7;H;Sí
465;8000;No;Sí;0;Alquiler;3;2;H;No
466;10000;Sí;No;0;Alquiler;7;15;H;No
467;20000;No;Sí;1;Alquiler;3;3;M;Sí
468;15000;Sí;Sí;2;Prop;5;10;H;Sí
469;30000;Sí;Sí;1;Alquiler;15;7;M;No
470;10000;Sí;Sí;0;Prop;1;6;H;Sí
471;40000;No;Sí;0;Alquiler;3;16;M;Sí
472;25000;No;No;0;Alquiler;0;8;H;Sí
473;20000;No;Sí;0;Prop;2;6;M;Sí
474;20000;Sí;Sí;3;Prop;7;5;H;No
475;30000;Sí;Sí;2;Prop;1;20;H;No
476;50000;No;No;0;Alquiler;2;12;M;No
477;8000;Sí;Sí;2;Prop;3;1;H;No
478;20000;No;No;0;Alquiler;27;5;M;No
479;10000;No;Sí;0;Alquiler;0;7;H;Sí
480;8000;No;Sí;0;Alquiler;3;2;H;No
481;10000;Sí;No;0;Alquiler;7;15;H;No
482;20000;No;Sí;1;Alquiler;3;3;M;Sí
483;15000;Sí;Sí;2;Prop;5;10;H;Sí
484;30000;Sí;Sí;1;Alquiler;15;7;M;No
485;10000;Sí;Sí;0;Prop;1;6;H;Sí
486;40000;No;Sí;0;Alquiler;3;16;M;Sí
487;25000;No;No;0;Alquiler;0;8;H;Sí
488;20000;No;Sí;0;Prop;2;6;M;Sí
489;20000;Sí;Sí;3;Prop;7;5;H;No
490;30000;Sí;Sí;2;Prop;1;20;H;No
491;50000;No;No;0;Alquiler;2;12;M;No
492;8000;Sí;Sí;2;Prop;3;1;H;No
493;20000;No;No;0;Alquiler;27;5;M;No
494;10000;No;Sí;0;Alquiler;0;7;H;Sí
495;8000;No;Sí;0;Alquiler;3;2;H;No
496;10000;Sí;No;0;Alquiler;7;15;H;No
497;20000;No;Sí;1;Alquiler;3;3;M;Sí
498;15000;Sí;Sí;2;Prop;5;10;H;Sí
499;30000;Sí;Sí;1;Alquiler;15;7;M;No
500;10000;Sí;Sí;0;Prop;1;6;H;Sí
501;40000;No;Sí;0;Alquiler;3;16;M;Sí
502;25000;No;No;0;Alquiler;0;8;H;Sí
503;20000;No;Sí;0;Prop;2;6;M;Sí
504;20000;Sí;Sí;3;Prop;7;5;H;No
505;30000;Sí;Sí;2;Prop;1;20;H;No
506;50000;No;No;0;Alquiler;2;12;M;No
507;8000;Sí;Sí;2;Prop;3;1;H;No
508;20000;No;No;0;Alquiler;27;5;M;No
509;10000;No;Sí;0;Alquiler;0;7;H;Sí
510;8000;No;Sí;0;Alquiler;3;2;H;No
511;10000;Sí;No;0;Alquiler;7;15;H;No
512;20000;No;Sí;1;Alquiler;3;3;M;Sí
513;15000;Sí;Sí;2;Prop;5;10;H;Sí
514;30000;Sí;Sí;1;Alquiler;15;7;M;No
515;10000;Sí;Sí;0;Prop;1;6;H;Sí
516;40000;No;Sí;0;Alquiler;3;16;M;Sí
517;25000;No;No;0;Alquiler;0;8;H;Sí
518;20000;No;Sí;0;Prop;2;6;M;Sí
519;20000;Sí;Sí;3;Prop;7;5;H;No
520;30000;Sí;Sí;2;Prop;1;20;H;No
521;50000;No;No;0;Alquiler;2;12;M;No
522;8000;Sí;Sí;2;Prop;3;1;H;No
523;20000;No;No;0;Alquiler;27;5;M;No
524;10000;No;Sí;0;Alquiler;0;7;H;Sí
525;8000;No;Sí;0;Alquiler;3;2;H;No
526;10000;Sí;No;0;Alquiler;7;15;H;No
527;20000;No;Sí;1;Alquiler;3;3;M;Sí
528;15000;Sí;Sí;2;Prop;5;10;H;Sí
529;30000;Sí;Sí;1;Alquiler;15;7;M;No
530;10000;Sí;Sí;0;Prop;1;6;H;Sí
531;40000;No;Sí;0;Alquiler;3;16;M;Sí
532;25000;No;No;0;Alquiler;0;8;H;Sí
533;20000;No;Sí;0;Prop;2;6;M;Sí
534;20000;Sí;Sí;3;Prop;7;5;H;No
535;30000;Sí;Sí;2;Prop;1;20;H;No
536;50000;No;No;0;Alquiler;2;12;M;No
537;8000;Sí;Sí;2;Prop;3;1;H;No
538;20000;No;No;0;Alquiler;27;5;M;No
539;10000;No;Sí;0;Alquiler;0;7;H;Sí
540;8000;No;Sí;0;Alquiler;3;2;H;No
541;10000;Sí;No;0;Alquiler;7;15;H;No
542;20000;No;Sí;1;Alquiler;3;3;M;Sí
543;15000;Sí;Sí;2;Prop;5;10;H;Sí
544;30000;Sí;Sí;1;Alquiler;15;7;M;No
545;10000;Sí;Sí;0;Prop;1;6;H;Sí
546;40000;No;Sí;0;Alquiler;3;16;M;Sí
547;25000;No;No;0;Alquiler;0;8;H;Sí
548;20000;No;Sí;0;Prop;2;6;M;Sí
549;20000;Sí;Sí;3;Prop;7;5;H;No
550;30000;Sí;Sí;2;Prop;1;20;H;No
551;50000;No;No;0;Alquiler;2;12;M;No
552;8000;Sí;Sí;2;Prop;3;1;H;No
553;20000;No;No;0;Alquiler;27;5;M;No
554;10000;No;Sí;0;Alquiler;0;7;H;Sí
555;8000;No;Sí;0;Alquiler;3;2;H;No
556;10000;Sí;No;0;Alquiler;7;15;H;No
557;20000;No;Sí;1;Alquiler;3;3;M;Sí
558;15000;Sí;Sí;2;Prop;5;10;H;Sí
559;30000;Sí;Sí;1;Alquiler;15;7;M;No
560;10000;Sí;Sí;0;Prop;1;6;H;Sí
561;40000;No;Sí;0;Alquiler;3;16;M;Sí
562;25000;No;No;0;Alquiler;0;8;H;Sí
563;20000;No;Sí;0;Prop;2;6;M;Sí
564;20000;Sí;Sí;3;Prop;7;5;H;No
565;30000;Sí;Sí;2;Prop;1;20;H;No
566;50000;No;No;0;Alquiler;2;12;M;No
567;8000;Sí;Sí;2;Prop;3;1;H;No
568;20000;No;No;0;Alquiler;27;5;M;No
569;10000;No;Sí;0;Alquiler;0;7;H;Sí
570;8000;No;Sí;0;Alquiler;3;2;H;No
571;10000;Sí;No;0;Alquiler;7;15;H;No
572;20000;No;Sí;1;Alquiler;3;3;M;Sí
573;15000;Sí;Sí;2;Prop;5;10;H;Sí
574;30000;Sí;Sí;1;Alquiler;15;7;M;No
575;10000;Sí;Sí;0;Prop;1;6;H;Sí
576;40000;No;Sí;0;Alquiler;3;16;M;Sí
577;25000;No;No;0;Alquiler;0;8;H;Sí
578;20000;No;Sí;0;Prop;2;6;M;Sí
579;20000;Sí;Sí;3;Prop;7;5;H;No
580;30000;Sí;Sí;2;Prop;1;20;H;No
581;50000;No;No;0;Alquiler;2;12;M;No
582;8000;Sí;Sí;2;Prop;3;1;H;No
583;20000;No;No;0;Alquiler;27;5;M;No
584;10000;No;Sí;0;Alquiler;0;7;H;Sí
585;8000;No;Sí;0;Alquiler;3;2;H;No
586;10000;Sí;No;0;Alquiler;7;15;H;No
587;20000;No;Sí;1;Alquiler;3;3;M;Sí
588;15000;Sí;Sí;2;Prop;5;10;H;Sí
589;30000;Sí;Sí;1;Alquiler;15;7;M;No
590;10000;Sí;Sí;0;Prop;1;6;H;Sí
591;40000;No;Sí;0;Alquiler;3;16;M;Sí
592;25000;No;No;0;Alquiler;0;8;H;Sí
593;20000;No;Sí;0;Prop;2;6;M;Sí
594;20000;Sí;Sí;3;Prop;7;5;H;No
595;30000;Sí;Sí;2;Prop;1;20;H;No
596;50000;No;No;0;Alquiler;2;12;M;No
597;8000;Sí;Sí;2;Prop;3;1;H;No
598;20000;No;No;0;Alquiler;27;5;M;No
599;10000;No;Sí;0;Alquiler;0;7;H;Sí
600;8000;No;Sí;0;Alquiler;3;2;H;No
601;10000;Sí;No;0;Alquiler;7;15;H;No
602;20000;No;Sí;1;Alquiler;3;3;M;Sí
603;15000;Sí;Sí;2;Prop;5;10;H;Sí
604;30000;Sí;Sí;1;Alquiler;15;7;M;No
605;10000;Sí;Sí;0;Prop;1;6;H;Sí
606;40000;No;Sí;0;Alquiler;3;16;M;Sí
607;25000;No;No;0;Alquiler;0;8;H;Sí
608;20000;No;Sí;0;Prop;2;6;M;Sí
609;20000;Sí;Sí;3;Prop;7;5;H;No
610;30000;Sí;Sí;2;Prop;1;20;H;No
611;50000;No;No;0;Alquiler;2;12;M;No
612;8000;Sí;Sí;2;Prop;3;1;H;No
613;20000;No;No;0;Alquiler;27;5;M;No
614;10000;No;Sí;0;Alquiler;0;7;H;Sí
615;8000;No;Sí;0;Alquiler;3;2;H;No
616;10000;Sí;No;0;Alquiler;7;15;H;No
617;20000;No;Sí;1;Alquiler;3;3;M;Sí
618;15000;Sí;Sí;2;Prop;5;10;H;Sí
619;30000;Sí;Sí;1;Alquiler;15;7;M;No
620;10000;Sí;Sí;0;Prop;1;6;H;Sí
621;40000;No;Sí;0;Alquiler;3;16;M;Sí
622;25000;No;No;0;Alquiler;0;8;H;Sí
623;20000;No;Sí;0;Prop;2;6;M;Sí
624;20000;Sí;Sí;3;Prop;7;5;H;No
625;30000;Sí;Sí;2;Prop;1;20;H;No
626;50000;No;No;0;Alquiler;2;12;M;No
627;8000;Sí;Sí;2;Prop;3;1;H;No
628;20000;No;No;0;Alquiler;27;5;M;No
629;10000;No;Sí;0;Alquiler;0;7;H;Sí
630;8000;No;Sí;0;Alquiler;3;2;H;No
631;10000;Sí;No;0;Alquiler;7;15;H;No
632;20000;No;Sí;1;Alquiler;3;3;M;Sí
633;15000;Sí;Sí;2;Prop;5;10;H;Sí
634;30000;Sí;Sí;1;Alquiler;15;7;M;No
635;10000;Sí;Sí;0;Prop;1;6;H;Sí
636;40000;No;Sí;0;Alquiler;3;16;M;Sí
637;25000;No;No;0;Alquiler;0;8;H;Sí
638;20000;No;Sí;0;Prop;2;6;M;Sí
639;20000;Sí;Sí;3;Prop;7;5;H;No
640;30000;Sí;Sí;2;Prop;1;20;H;No
641;50000;No;No;0;Alquiler;2;12;M;No
642;8000;Sí;Sí;2;Prop;3;1;H;No
643;20000;No;No;0;Alquiler;27;5;M;No
644;10000;No;Sí;0;Alquiler;0;7;H;Sí
645;8000;No;Sí;0;Alquiler;3;2;H;No
646;10000;Sí;No;0;Alquiler;7;15;H;No
647;20000;No;Sí;1;Alquiler;3;3;M;Sí
648;15000;Sí;Sí;2;Prop;5;10;H;Sí
649;30000;Sí;Sí;1;Alquiler;15;7;M;No
650;10000;Sí;Sí;0;Prop;1;6;H;Sí
651;40000;No;Sí;0;Alquiler;3;16;M;Sí
652;25000;No;No;0;Alquiler;0;8;H;Sí
653;20000;No;Sí;0;Prop;2;6;M;Sí
654;20000;Sí;Sí;3;Prop;7;5;H;No
655;30000;Sí;Sí;2;Prop;1;20;H;No
656;50000;No;No;0;Alquiler;2;12;M;No
657;8000;Sí;Sí;2;Prop;3;1;H;No
658;20000;No;No;0;Alquiler;27;5;M;No
659;10000;No;Sí;0;Alquiler;0;7;H;Sí
660;8000;No;Sí;0;Alquiler;3;2;H;No
661;10000;Sí;No;0;Alquiler;7;15;H;No
662;20000;No;Sí;1;Alquiler;3;3;M;Sí
663;15000;Sí;Sí;2;Prop;5;10;H;Sí
664;30000;Sí;Sí;1;Alquiler;15;7;M;No
665;10000;Sí;Sí;0;Prop;1;6;H;Sí
666;40000;No;Sí;0;Alquiler;3;16;M;Sí
667;25000;No;No;0;Alquiler;0;8;H;Sí
668;20000;No;Sí;0;Prop;2;6;M;Sí
669;20000;Sí;Sí;3;Prop;7;5;H;No
670;30000;Sí;Sí;2;Prop;1;20;H;No
671;50000;No;No;0;Alquiler;2;12;M;No
672;8000;Sí;Sí;2;Prop;3;1;H;No
673;20000;No;No;0;Alquiler;27;5;M;No
674;10000;No;Sí;0;Alquiler;0;7;H;Sí
675;8000;No;Sí;0;Alquiler;3;2;H;No
676;10000;Sí;No;0;Alquiler;7;15;H;No
677;20000;No;Sí;1;Alquiler;3;3;M;Sí
678;15000;Sí;Sí;2;Prop;5;10;H;Sí
679;30000;Sí;Sí;1;Alquiler;15;7;M;No
680;10000;Sí;Sí;0;Prop;1;6;H;Sí
681;40000;No;Sí;0;Alquiler;3;16;M;Sí
682;25000;No;No;0;Alquiler;0;8;H;Sí
683;20000;No;Sí;0;Prop;2;6;M;Sí
684;20000;Sí;Sí;3;Prop;7;5;H;No
685;30000;Sí;Sí;2;Prop;1;20;H;No
686;50000;No;No;0;Alquiler;2;12;M;No
687;8000;Sí;Sí;2;Prop;3;1;H;No
688;20000;No;No;0;Alquiler;27;5;M;No
689;10000;No;Sí;0;Alquiler;0;7;H;Sí
690;8000;No;Sí;0;Alquiler;3;2;H;No
691;10000;Sí;No;0;Alquiler;7;15;H;No
692;20000;No;Sí;1;Alquiler;3;3;M;Sí
693;15000;Sí;Sí;2;Prop;5;10;H;Sí
694;30000;Sí;Sí;1;Alquiler;15;7;M;No
695;10000;Sí;Sí;0;Prop;1;6;H;Sí
696;40000;No;Sí;0;Alquiler;3;16;M;Sí
697;25000;No;No;0;Alquiler;0;8;H;Sí
698;20000;No;Sí;0;Prop;2;6;M;Sí
699;20000;Sí;Sí;3;Prop;7;5;H;No
700;30000;Sí;Sí;2;Prop;1;20;H;No
701;50000;No;No;0;Alquiler;2;12;M;No
702;8000;Sí;Sí;2;Prop;3;1;H;No
703;20000;No;No;0;Alquiler;27;5;M;No
704;10000;No;Sí;0;Alquiler;0;7;H;Sí
705;8000;No;Sí;0;Alquiler;3;2;H;No
706;10000;Sí;No;0;Alquiler;7;15;H;No
707;20000;No;Sí;1;Alquiler;3;3;M;Sí
708;15000;Sí;Sí;2;Prop;5;10;H;Sí
709;30000;Sí;Sí;1;Alquiler;15;7;M;No
710;10000;Sí;Sí;0;Prop;1;6;H;Sí
711;40000;No;Sí;0;Alquiler;3;16;M;Sí
712;25000;No;No;0;Alquiler;0;8;H;Sí
713;20000;No;Sí;0;Prop;2;6;M;Sí
714;20000;Sí;Sí;3;Prop;7;5;H;No
715;30000;Sí;Sí;2;Prop;1;20;H;No
716;50000;No;No;0;Alquiler;2;12;M;No
717;8000;Sí;Sí;2;Prop;3;1;H;No
718;20000;No;No;0;Alquiler;27;5;M;No
719;10000;No;Sí;0;Alquiler;0;7;H;Sí
720;8000;No;Sí;0;Alquiler;3;2;H;No
721;10000;Sí;No;0;Alquiler;7;15;H;No
722;20000;No;Sí;1;Alquiler;3;3;M;Sí
723;15000;Sí;Sí;2;Prop;5;10;H;Sí
724;30000;Sí;Sí;1;Alquiler;15;7;M;No
725;10000;Sí;Sí;0;Prop;1;6;H;Sí
726;40000;No;Sí;0;Alquiler;3;16;M;Sí
727;25000;No;No;0;Alquiler;0;8;H;Sí
728;20000;No;Sí;0;Prop;2;6;M;Sí
729;20000;Sí;Sí;3;Prop;7;5;H;No
730;30000;Sí;Sí;2;Prop;1;20;H;No
731;50000;No;No;0;Alquiler;2;12;M;No
732;8000;Sí;Sí;2;Prop;3;1;H;No
733;20000;No;No;0;Alquiler;27;5;M;No
734;10000;No;Sí;0;Alquiler;0;7;H;Sí
735;8000;No;Sí;0;Alquiler;3;2;H;No
736;10000;Sí;No;0;Alquiler;7;15;H;No
737;20000;No;Sí;1;Alquiler;3;3;M;Sí
738;15000;Sí;Sí;2;Prop;5;10;H;Sí
739;30000;Sí;Sí;1;Alquiler;15;7;M;No
740;10000;Sí;Sí;0;Prop;1;6;H;Sí
741;40000;No;Sí;0;Alquiler;3;16;M;Sí
742;25000;No;No;0;Alquiler;0;8;H;Sí
743;20000;No;Sí;0;Prop;2;6;M;Sí
744;20000;Sí;Sí;3;Prop;7;5;H;No
745;30000;Sí;Sí;2;Prop;1;20;H;No
746;50000;No;No;0;Alquiler;2;12;M;No
747;8000;Sí;Sí;2;Prop;3;1;H;No
748;20000;No;No;0;Alquiler;27;5;M;No
749;10000;No;Sí;0;Alquiler;0;7;H;Sí
750;8000;No;Sí;0;Alquiler;3;2;H;No
751;10000;Sí;No;0;Alquiler;7;15;H;No
752;20000;No;Sí;1;Alquiler;3;3;M;Sí
753;15000;Sí;Sí;2;Prop;5;10;H;Sí
754;30000;Sí;Sí;1;Alquiler;15;7;M;No
755;10000;Sí;Sí;0;Prop;1;6;H;Sí
756;40000;No;Sí;0;Alquiler;3;16;M;Sí
757;25000;No;No;0;Alquiler;0;8;H;Sí
758;20000;No;Sí;0;Prop;2;6;M;Sí
759;20000;Sí;Sí;3;Prop;7;5;H;No
760;30000;Sí;Sí;2;Prop;1;20;H;No
761;50000;No;No;0;Alquiler;2;12;M;No
762;8000;Sí;Sí;2;Prop;3;1;H;No
763;20000;No;No;0;Alquiler;27;5;M;No
764;10000;No;Sí;0;Alquiler;0;7;H;Sí
765;8000;No;Sí;0;Alquiler;3;2;H;No
766;10000;Sí;No;0;Alquiler;7;15;H;No
767;20000;No;Sí;1;Alquiler;3;3;M;Sí
768;15000;Sí;Sí;2;Prop;5;10;H;Sí
769;30000;Sí;Sí;1;Alquiler;15;7;M;No
770;10000;Sí;Sí;0;Prop;1;6;H;Sí
771;40000;No;Sí;0;Alquiler;3;16;M;Sí
772;25000;No;No;0;Alquiler;0;8;H;Sí
773;20000;No;Sí;0;Prop;2;6;M;Sí
774;20000;Sí;Sí;3;Prop;7;5;H;No
775;30000;Sí;Sí;2;Prop;1;20;H;No
776;50000;No;No;0;Alquiler;2;12;M;No
777;8000;Sí;Sí;2;Prop;3;1;H;No
778;20000;No;No;0;Alquiler;27;5;M;No
779;10000;No;Sí;0;Alquiler;0;7;H;Sí
780;8000;No;Sí;0;Alquiler;3;2;H;No
781;10000;Sí;No;0;Alquiler;7;15;H;No
782;20000;No;Sí;1;Alquiler;3;3;M;Sí
783;15000;Sí;Sí;2;Prop;5;10;H;Sí
784;30000;Sí;Sí;1;Alquiler;15;7;M;No
785;10000;Sí;Sí;0;Prop;1;6;H;Sí
786;40000;No;Sí;0;Alquiler;3;16;M;Sí
787;25000;No;No;0;Alquiler;0;8;H;Sí
788;20000;No;Sí;0;Prop;2;6;M;Sí
789;20000;Sí;Sí;3;Prop;7;5;H;No
790;30000;Sí;Sí;2;Prop;1;20;H;No
791;50000;No;No;0;Alquiler;2;12;M;No
792;8000;Sí;Sí;2;Prop;3;1;H;No
793;20000;No;No;0;Alquiler;27;5;M;No
794;10000;No;Sí;0;Alquiler;0;7;H;Sí
795;8000;No;Sí;0;Alquiler;3;2;H;No
796;10000;Sí;No;0;Alquiler;7;15;H;No
797;20000;No;Sí;1;Alquiler;3;3;M;Sí
798;15000;Sí;Sí;2;Prop;5;10;H;Sí
799;30000;Sí;Sí;1;Alquiler;15;7;M;No
800;10000;Sí;Sí;0;Prop;1;6;H;Sí
801;40000;No;Sí;0;Alquiler;3;16;M;Sí
802;25000;No;No;0;Alquiler;0;8;H;Sí
803;20000;No;Sí;0;Prop;2;6;M;Sí
804;20000;Sí;Sí;3;Prop;7;5;H;No
805;30000;Sí;Sí;2;Prop;1;20;H;No
806;50000;No;No;0;Alquiler;2;12;M;No
807;8000;Sí;Sí;2;Prop;3;1;H;No
808;20000;No;No;0;Alquiler;27;5;M;No
809;10000;No;Sí;0;Alquiler;0;7;H;Sí
810;8000;No;Sí;0;Alquiler;3;2;H;No
811;10000;Sí;No;0;Alquiler;7;15;H;No
812;20000;No;Sí;1;Alquiler;3;3;M;Sí
813;15000;Sí;Sí;2;Prop;5;10;H;Sí
814;30000;Sí;Sí;1;Alquiler;15;7;M;No
815;10000;Sí;Sí;0;Prop;1;6;H;Sí
816;40000;No;Sí;0;Alquiler;3;16;M;Sí
817;25000;No;No;0;Alquiler;0;8;H;Sí
818;20000;No;Sí;0;Prop;2;6;M;Sí
819;20000;Sí;Sí;3;Prop;7;5;H;No
820;30000;Sí;Sí;2;Prop;1;20;H;No
821;50000;No;No;0;Alquiler;2;12;M;No
822;8000;Sí;Sí;2;Prop;3;1;H;No
823;20000;No;No;0;Alquiler;27;5;M;No
824;10000;No;Sí;0;Alquiler;0;7;H;Sí
825;8000;No;Sí;0;Alquiler;3;2;H;No
826;10000;Sí;No;0;Alquiler;7;15;H;No
827;20000;No;Sí;1;Alquiler;3;3;M;Sí
828;15000;Sí;Sí;2;Prop;5;10;H;Sí
829;30000;Sí;Sí;1;Alquiler;15;7;M;No
830;10000;Sí;Sí;0;Prop;1;6;H;Sí
831;40000;No;Sí;0;Alquiler;3;16;M;Sí
832;25000;No;No;0;Alquiler;0;8;H;Sí
833;20000;No;Sí;0;Prop;2;6;M;Sí
834;20000;Sí;Sí;3;Prop;7;5;H;No
835;30000;Sí;Sí;2;Prop;1;20;H;No
836;50000;No;No;0;Alquiler;2;12;M;No
837;8000;Sí;Sí;2;Prop;3;1;H;No
838;20000;No;No;0;Alquiler;27;5;M;No
839;10000;No;Sí;0;Alquiler;0;7;H;Sí
840;8000;No;Sí;0;Alquiler;3;2;H;No
841;10000;Sí;No;0;Alquiler;7;15;H;No
842;20000;No;Sí;1;Alquiler;3;3;M;Sí
843;15000;Sí;Sí;2;Prop;5;10;H;Sí
844;30000;Sí;Sí;1;Alquiler;15;7;M;No
845;10000;Sí;Sí;0;Prop;1;6;H;Sí
846;40000;No;Sí;0;Alquiler;3;16;M;Sí
847;25000;No;No;0;Alquiler;0;8;H;Sí
848;20000;No;Sí;0;Prop;2;6;M;Sí
849;20000;Sí;Sí;3;Prop;7;5;H;No
850;30000;Sí;Sí;2;Prop;1;20;H;No
851;50000;No;No;0;Alquiler;2;12;M;No
852;8000;Sí;Sí;2;Prop;3;1;H;No
853;20000;No;No;0;Alquiler;27;5;M;No
854;10000;No;Sí;0;Alquiler;0;7;H;Sí
855;8000;No;Sí;0;Alquiler;3;2;H;No
856;10000;Sí;No;0;Alquiler;7;15;H;No
857;20000;No;Sí;1;Alquiler;3;3;M;Sí
858;15000;Sí;Sí;2;Prop;5;10;H;Sí
859;30000;Sí;Sí;1;Alquiler;15;7;M;No
860;10000;Sí;Sí;0;Prop;1;6;H;Sí
861;40000;No;Sí;0;Alquiler;3;16;M;Sí
862;25000;No;No;0;Alquiler;0;8;H;Sí
863;20000;No;Sí;0;Prop;2;6;M;Sí
864;20000;Sí;Sí;3;Prop;7;5;H;No
865;30000;Sí;Sí;2;Prop;1;20;H;No
866;50000;No;No;0;Alquiler;2;12;M;No
867;8000;Sí;Sí;2;Prop;3;1;H;No
868;20000;No;No;0;Alquiler;27;5;M;No
869;10000;No;Sí;0;Alquiler;0;7;H;Sí
870;8000;No;Sí;0;Alquiler;3;2;H;No
871;10000;Sí;No;0;Alquiler;7;15;H;No
872;20000;No;Sí;1;Alquiler;3;3;M;Sí
873;15000;Sí;Sí;2;Prop;5;10;H;Sí
874;30000;Sí;Sí;1;Alquiler;15;7;M;No
875;10000;Sí;Sí;0;Prop;1;6;H;Sí
876;40000;No;Sí;0;Alquiler;3;16;M;Sí
877;25000;No;No;0;Alquiler;0;8;H;Sí
878;20000;No;Sí;0;Prop;2;6;M;Sí
879;20000;Sí;Sí;3;Prop;7;5;H;No
880;30000;Sí;Sí;2;Prop;1;20;H;No
881;50000;No;No;0;Alquiler;2;12;M;No
882;8000;Sí;Sí;2;Prop;3;1;H;No
883;20000;No;No;0;Alquiler;27;5;M;No
884;10000;No;Sí;0;Alquiler;0;7;H;Sí
885;8000;No;Sí;0;Alquiler;3;2;H;No
886;10000;Sí;No;0;Alquiler;7;15;H;No
887;20000;No;Sí;1;Alquiler;3;3;M;Sí
888;15000;Sí;Sí;2;Prop;5;10;H;Sí
889;30000;Sí;Sí;1;Alquiler;15;7;M;No
890;10000;Sí;Sí;0;Prop;1;6;H;Sí
891;40000;No;Sí;0;Alquiler;3;16;M;Sí
892;25000;No;No;0;Alquiler;0;8;H;Sí
893;20000;No;Sí;0;Prop;2;6;M;Sí
894;20000;Sí;Sí;3;Prop;7;5;H;No
895;30000;Sí;Sí;2;Prop;1;20;H;No
896;50000;No;No;0;Alquiler;2;12;M;No
897;8000;Sí;Sí;2;Prop;3;1;H;No
898;20000;No;No;0;Alquiler;27;5;M;No
899;10000;No;Sí;0;Alquiler;0;7;H;Sí
900;8000;No;Sí;0;Alquiler;3;2;H;No
901;10000;Sí;No;0;Alquiler;7;15;H;No
902;20000;No;Sí;1;Alquiler;3;3;M;Sí
903;15000;Sí;Sí;2;Prop;5;10;H;Sí
904;30000;Sí;Sí;1;Alquiler;15;7;M;No
905;10000;Sí;Sí;0;Prop;1;6;H;Sí
906;40000;No;Sí;0;Alquiler;3;16;M;Sí
907;25000;No;No;0;Alquiler;0;8;H;Sí
908;20000;No;Sí;0;Prop;2;6;M;Sí
909;20000;Sí;Sí;3;Prop;7;5;H;No
910;30000;Sí;Sí;2;Prop;1;20;H;No
911;50000;No;No;0;Alquiler;2;12;M;No
912;8000;Sí;Sí;2;Prop;3;1;H;No
913;20000;No;No;0;Alquiler;27;5;M;No
914;10000;No;Sí;0;Alquiler;0;7;H;Sí
915;8000;No;Sí;0;Alquiler;3;2;H;No
916;10000;Sí;No;0;Alquiler;7;15;H;No
917;20000;No;Sí;1;Alquiler;3;3;M;Sí
918;15000;Sí;Sí;2;Prop;5;10;H;Sí
919;30000;Sí;Sí;1;Alquiler;15;7;M;No
920;10000;Sí;Sí;0;Prop;1;6;H;Sí
921;40000;No;Sí;0;Alquiler;3;16;M;Sí
922;25000;No;No;0;Alquiler;0;8;H;Sí
923;20000;No;Sí;0;Prop;2;6;M;Sí
924;20000;Sí;Sí;3;Prop;7;5;H;No
925;30000;Sí;Sí;2;Prop;1;20;H;No
926;50000;No;No;0;Alquiler;2;12;M;No
927;8000;Sí;Sí;2;Prop;3;1;H;No
928;20000;No;No;0;Alquiler;27;5;M;No
929;10000;No;Sí;0;Alquiler;0;7;H;Sí
930;8000;No;Sí;0;Alquiler;3;2;H;No
931;10000;Sí;No;0;Alquiler;7;15;H;No
932;20000;No;Sí;1;Alquiler;3;3;M;Sí
933;15000;Sí;Sí;2;Prop;5;10;H;Sí
934;30000;Sí;Sí;1;Alquiler;15;7;M;No
935;10000;Sí;Sí;0;Prop;1;6;H;Sí
936;40000;No;Sí;0;Alquiler;3;16;M;Sí
937;25000;No;No;0;Alquiler;0;8;H;Sí
938;20000;No;Sí;0;Prop;2;6;M;Sí
939;20000;Sí;Sí;3;Prop;7;5;H;No
940;30000;Sí;Sí;2;Prop;1;20;H;No
941;50000;No;No;0;Alquiler;2;12;M;No
942;8000;Sí;Sí;2;Prop;3;1;H;No
943;20000;No;No;0;Alquiler;27;5;M;No
944;10000;No;Sí;0;Alquiler;0;7;H;Sí
945;8000;No;Sí;0;Alquiler;3;2;H;No
946;10000;Sí;No;0;Alquiler;7;15;H;No
947;20000;No;Sí;1;Alquiler;3;3;M;Sí
948;15000;Sí;Sí;2;Prop;5;10;H;Sí
949;30000;Sí;Sí;1;Alquiler;15;7;M;No
950;10000;Sí;Sí;0;Prop;1;6;H;Sí
951;40000;No;Sí;0;Alquiler;3;16;M;Sí
952;25000;No;No;0;Alquiler;0;8;H;Sí
953;20000;No;Sí;0;Prop;2;6;M;Sí
954;20000;Sí;Sí;3;Prop;7;5;H;No
955;30000;Sí;Sí;2;Prop;1;20;H;No
956;50000;No;No;0;Alquiler;2;12;M;No
957;8000;Sí;Sí;2;Prop;3;1;H;No
958;20000;No;No;0;Alquiler;27;5;M;No
959;10000;No;Sí;0;Alquiler;0;7;H;Sí
960;8000;No;Sí;0;Alquiler;3;2;H;No
961;10000;Sí;No;0;Alquiler;7;15;H;No
962;20000;No;Sí;1;Alquiler;3;3;M;Sí
963;15000;Sí;Sí;2;Prop;5;10;H;Sí
964;30000;Sí;Sí;1;Alquiler;15;7;M;No
965;10000;Sí;Sí;0;Prop;1;6;H;Sí
966;40000;No;Sí;0;Alquiler;3;16;M;Sí
967;25000;No;No;0;Alquiler;0;8;H;Sí
968;20000;No;Sí;0;Prop;2;6;M;Sí
969;20000;Sí;Sí;3;Prop;7;5;H;No
970;30000;Sí;Sí;2;Prop;1;20;H;No
971;50000;No;No;0;Alquiler;2;12;M;No
972;8000;Sí;Sí;2;Prop;3;1;H;No
973;20000;No;No;0;Alquiler;27;5;M;No
974;10000;No;Sí;0;Alquiler;0;7;H;Sí
975;8000;No;Sí;0;Alquiler;3;2;H;No
976;10000;Sí;No;0;Alquiler;7;15;H;No
977;20000;No;Sí;1;Alquiler;3;3;M;Sí
978;15000;Sí;Sí;2;Prop;5;10;H;Sí
979;30000;Sí;Sí;1;Alquiler;15;7;M;No
980;10000;Sí;Sí;0;Prop;1;6;H;Sí
981;40000;No;Sí;0;Alquiler;3;16;M;Sí
982;25000;No;No;0;Alquiler;0;8;H;Sí
983;20000;No;Sí;0;Prop;2;6;M;Sí
984;20000;Sí;Sí;3;Prop;7;5;H;No
985;30000;Sí;Sí;2;Prop;1;20;H;No
986;50000;No;No;0;Alquiler;2;12;M;No
987;8000;Sí;Sí;2;Prop;3;1;H;No
988;20000;No;No;0;Alquiler;27;5;M;No
989;10000;No;Sí;0;Alquiler;0;7;H;Sí
990;8000;No;Sí;0;Alquiler;3;2;H;No
991;10000;Sí;No;0;Alquiler;7;15;H;No
992;20000;No;Sí;1;Alquiler;3;3;M;Sí
993;15000;Sí;Sí;2;Prop;5;10;H;Sí
994;30000;Sí;Sí;1;Alquiler;15;7;M;No
995;10000;Sí;Sí;0;Prop;1;6;H;Sí
996;40000;No;Sí;0;Alquiler;3;16;M;Sí
997;25000;No;No;0;Alquiler;0;8;H;Sí
998;20000;No;Sí;0;Prop;2;6;M;Sí
999;20000;Sí;Sí;3;Prop;7;5;H;No
1000;30000;Sí;Sí;2;Prop;1;20;H;No
1001;50000;No;No;0;Alquiler;2;12;M;No
1002;8000;Sí;Sí;2;Prop;3;1;H;No
1003;20000;No;No;0;Alquiler;27;5;M;No
1004;10000;No;Sí;0;Alquiler;0;7;H;Sí
1005;8000;No;Sí;0;Alquiler;3;2;H;No
1006;10000;Sí;No;0;Alquiler;7;15;H;No
1007;20000;No;Sí;1;Alquiler;3;3;M;Sí
1008;15000;Sí;Sí;2;Prop;5;10;H;Sí
1009;30000;Sí;Sí;1;Alquiler;15;7;M;No
1010;10000;Sí;Sí;0;Prop;1;6;H;Sí
1011;40000;No;Sí;0;Alquiler;3;16;M;Sí
1012;25000;No;No;0;Alquiler;0;8;H;Sí
1013;20000;No;Sí;0;Prop;2;6;M;Sí
1014;20000;Sí;Sí;3;Prop;7;5;H;No
1015;30000;Sí;Sí;2;Prop;1;20;H;No
1016;50000;No;No;0;Alquiler;2;12;M;No
1017;8000;Sí;Sí;2;Prop;3;1;H;No
1018;20000;No;No;0;Alquiler;27;5;M;No
1019;10000;No;Sí;0;Alquiler;0;7;H;Sí
1020;8000;No;Sí;0;Alquiler;3;2;H;No
1021;10000;Sí;No;0;Alquiler;7;15;H;No
1022;20000;No;Sí;1;Alquiler;3;3;M;Sí
1023;15000;Sí;Sí;2;Prop;5;10;H;Sí
1024;30000;Sí;Sí;1;Alquiler;15;7;M;No
1025;10000;Sí;Sí;0;Prop;1;6;H;Sí
1026;40000;No;Sí;0;Alquiler;3;16;M;Sí
1027;25000;No;No;0;Alquiler;0;8;H;Sí
1028;20000;No;Sí;0;Prop;2;6;M;Sí
1029;20000;Sí;Sí;3;Prop;7;5;H;No
1030;30000;Sí;Sí;2;Prop;1;20;H;No
1031;50000;No;No;0;Alquiler;2;12;M;No
1032;8000;Sí;Sí;2;Prop;3;1;H;No
1033;20000;No;No;0;Alquiler;27;5;M;No
1034;10000;No;Sí;0;Alquiler;0;7;H;Sí
1035;8000;No;Sí;0;Alquiler;3;2;H;No
1036;10000;Sí;No;0;Alquiler;7;15;H;No
1037;20000;No;Sí;1;Alquiler;3;3;M;Sí
1038;15000;Sí;Sí;2;Prop;5;10;H;Sí
1039;30000;Sí;Sí;1;Alquiler;15;7;M;No
1040;10000;Sí;Sí;0;Prop;1;6;H;Sí
1041;40000;No;Sí;0;Alquiler;3;16;M;Sí
1042;25000;No;No;0;Alquiler;0;8;H;Sí
1043;20000;No;Sí;0;Prop;2;6;M;Sí
1044;20000;Sí;Sí;3;Prop;7;5;H;No
1045;30000;Sí;Sí;2;Prop;1;20;H;No
1046;50000;No;No;0;Alquiler;2;12;M;No
1047;8000;Sí;Sí;2;Prop;3;1;H;No
1048;20000;No;No;0;Alquiler;27;5;M;No
1049;10000;No;Sí;0;Alquiler;0;7;H;Sí
1050;8000;No;Sí;0;Alquiler;3;2;H;No
1051;10000;Sí;No;0;Alquiler;7;15;H;No
1052;20000;No;Sí;1;Alquiler;3;3;M;Sí
1053;15000;Sí;Sí;2;Prop;5;10;H;Sí
1054;30000;Sí;Sí;1;Alquiler;15;7;M;No
1055;10000;Sí;Sí;0;Prop;1;6;H;Sí
1056;40000;No;Sí;0;Alquiler;3;16;M;Sí
1057;25000;No;No;0;Alquiler;0;8;H;Sí
1058;20000;No;Sí;0;Prop;2;6;M;Sí
1059;20000;Sí;Sí;3;Prop;7;5;H;No
1060;30000;Sí;Sí;2;Prop;1;20;H;No
1061;50000;No;No;0;Alquiler;2;12;M;No
1062;8000;Sí;Sí;2;Prop;3;1;H;No
1063;20000;No;No;0;Alquiler;27;5;M;No
1064;10000;No;Sí;0;Alquiler;0;7;H;Sí
1065;8000;No;Sí;0;Alquiler;3;2;H;No
1066;10000;Sí;No;0;Alquiler;7;15;H;No
1067;20000;No;Sí;1;Alquiler;3;3;M;Sí
1068;15000;Sí;Sí;2;Prop;5;10;H;Sí
1069;30000;Sí;Sí;1;Alquiler;15;7;M;No
1070;10000;Sí;Sí;0;Prop;1;6;H;Sí
1071;40000;No;Sí;0;Alquiler;3;16;M;Sí
1072;25000;No;No;0;Alquiler;0;8;H;Sí
1073;20000;No;Sí;0;Prop;2;6;M;Sí
1074;20000;Sí;Sí;3;Prop;7;5;H;No
1075;30000;Sí;Sí;2;Prop;1;20;H;No
1076;50000;No;No;0;Alquiler;2;12;M;No
1077;8000;Sí;Sí;2;Prop;3;1;H;No
1078;20000;No;No;0;Alquiler;27;5;M;No
1079;10000;No;Sí;0;Alquiler;0;7;H;Sí
1080;8000;No;Sí;0;Alquiler;3;2;H;No
